time_of_publish,server_received_timestamp,sessionId,deviceId,messageId,accel_time,accel_accuracy,accel_x,accel_y,accel_z,gyro_time,gyro_accuracy,gyro_x,gyro_y,gyro_z,mag_time,mag_accuracy,mag_x,mag_y,mag_z
1763655936.5399559,1763655936.4621718,b81928da-0be1-4d3c-8bf2-fe05918f113d,779672ea-757e-45d7-9e9b-771dc4343b23,6962,1763655936230113800,3,-0.014356935396790504,-0.17706887423992157,9.848857879638672,1763655936229359900,3,0.004276053514331579,0.0030543238390237093,0.0030543238390237093,1763655936223938000,3,-89.8687515258789,37.76250076293945,-133.5
1763655937.5399399,1763655937.4929893,b81928da-0be1-4d3c-8bf2-fe05918f113d,779672ea-757e-45d7-9e9b-771dc4343b23,6963,1763655937240257500,3,-0.019142581149935722,-0.18424734473228455,9.856036186218262,1763655937231015000,3,0.004276053514331579,0.0054977829568088055,0.001832594396546483,1763655937233938200,3,22.275001525878906,12.956250190734863,-21.318750381469727
1763655938.5399694,1763655938.5180058,b81928da-0be1-4d3c-8bf2-fe05918f113d,779672ea-757e-45d7-9e9b-771dc4343b23,6964,1763655938224935200,3,-0.019142581149935722,-0.17946170270442963,9.839286804199219,1763655938232669700,3,0.004276053514331579,0.003665188793092966,0.0030543238390237093,1763655938233938200,3,-90.03750610351562,38.47500228881836,-133.125
1763655939.5403817,1763655939.512138,b81928da-0be1-4d3c-8bf2-fe05918f113d,779672ea-757e-45d7-9e9b-771dc4343b23,6965,1763655939235078100,3,-0.02392822690308094,-0.19142581522464752,9.851250648498535,1763655939234324200,3,0.004886918235570192,0.003665188793092966,0.002443459117785096,1763655939233938200,3,-90.09375,37.44375228881836,-131.90625
1763655940.7403982,1763655940.6562464,b81928da-0be1-4d3c-8bf2-fe05918f113d,779672ea-757e-45d7-9e9b-771dc4343b23,6966,1763655940236732200,3,-0.004785645287483931,-0.18424734473228455,9.853643417358398,1763655940235978200,3,0.0001527161948615685,-0.0009162971982732415,0.0001527161948615685,1763655940243938000,3,22.14375114440918,13.031250953674316,-21.84375
1763655941.5401268,1763655941.5110152,b81928da-0be1-4d3c-8bf2-fe05918f113d,779672ea-757e-45d7-9e9b-771dc4343b23,6967,1763655941247399000,3,-0.0019119810312986374,0.004958704113960266,0.004355430603027344,1763655941237632000,3,0.0007635809597559273,-0.000305432389723137,0.0001527161948615685,1763655941243938000,3,22.162500381469727,13.18125057220459,-21.450000762939453
1763655942.5402758,1763655942.4941983,b81928da-0be1-4d3c-8bf2-fe05918f113d,779672ea-757e-45d7-9e9b-771dc4343b23,6968,1763655942247399000,3,0.0013935025781393051,0.00490356981754303,0.015527725219726562,1763655942239285500,3,0.003665188793092966,0.003665188793092966,0.002443459117785096,1763655942243938000,3,-89.75625610351562,38.66250228881836,-132.99375915527344
1763655943.539681,1763655943.4989128,b81928da-0be1-4d3c-8bf2-fe05918f113d,779672ea-757e-45d7-9e9b-771dc4343b23,6969,1763655943257398800,3,0.007110911421477795,-0.004236429929733276,-0.0005006790161132812,1763655943249427500,3,0.003665188793092966,0.003665188793092966,0.002443459117785096,1763655943253938200,3,21.975000381469727,12.80625057220459,-22.162500381469727
1763655944.7405298,1763655944.6840663,b81928da-0be1-4d3c-8bf2-fe05918f113d,779672ea-757e-45d7-9e9b-771dc4343b23,6970,1763655944243345400,3,-0.02153540402650833,-0.1818545162677765,9.860821723937988,1763655944251080200,3,0.0013744457392022014,0.000305432389723137,-0.00045814859913662076,1763655944253938200,3,-90.0562515258789,38.118751525878906,-132.54376220703125
1763655945.6402502,1763655945.5782065,b81928da-0be1-4d3c-8bf2-fe05918f113d,779672ea-757e-45d7-9e9b-771dc4343b23,6971,1763655945253486600,3,-0.007178467698395252,-0.18424734473228455,9.848857879638672,1763655945252732400,3,0.0030543238390237093,0.0030543238390237093,0.002443459117785096,1763655945253938200,3,22.59375,13.893750190734863,-23.231250762939453
1763655946.5403545,1763655946.4988685,b81928da-0be1-4d3c-8bf2-fe05918f113d,779672ea-757e-45d7-9e9b-771dc4343b23,6972,1763655946255138600,3,-0.01196411345154047,-0.17228323221206665,9.851250648498535,1763655946254384400,3,0.0007635809597559273,-0.000305432389723137,-0.00045814859913662076,1763655946253938200,3,-89.64375305175781,38.66250228881836,-133.85626220703125
1763655947.5405545,1763655947.4985049,b81928da-0be1-4d3c-8bf2-fe05918f113d,779672ea-757e-45d7-9e9b-771dc4343b23,6973,1763655947256790000,3,-0.009571290574967861,-0.17946170270442963,9.848857879638672,1763655947256036000,3,0.0007635809597559273,-0.0009162971982732415,0.0001527161948615685,1763655947263938000,3,21.84375,12.80625057220459,-20.850000381469727
1763655948.6405332,1763655948.555004,b81928da-0be1-4d3c-8bf2-fe05918f113d,779672ea-757e-45d7-9e9b-771dc4343b23,6974,1763655948267399000,3,-0.0012973416596651077,0.004126593470573425,0.00698089599609375,1763655948266175700,3,0.0001527161948615685,0.000305432389723137,-0.00045814859913662076,1763655948263938000,3,22.575000762939453,13.612500190734863,-23.756250381469727
1763655949.640082,1763655949.5697334,b81928da-0be1-4d3c-8bf2-fe05918f113d,779672ea-757e-45d7-9e9b-771dc4343b23,6975,1763655949260092200,3,-0.02153540402650833,-0.17946170270442963,9.848857879638672,1763655949259338200,3,0.0001527161948615685,0.000305432389723137,0.0001527161948615685,1763655949263938000,3,22.181251525878906,12.881250381469727,-20.887500762939453
1763655950.5402722,1763655950.489205,b81928da-0be1-4d3c-8bf2-fe05918f113d,779672ea-757e-45d7-9e9b-771dc4343b23,6976,1763655950267399000,3,-0.000350363552570343,-0.004397645592689514,0.0007238388061523438,1763655950260988700,3,0.004276053514331579,0.001832594396546483,0.002443459117785096,1763655950273938200,3,-88.96875,39.243751525878906,-134.9250030517578
1763655951.5400403,1763655951.5113688,b81928da-0be1-4d3c-8bf2-fe05918f113d,779672ea-757e-45d7-9e9b-771dc4343b23,6977,1763655951263393300,3,-0.02153540402650833,-0.18903298676013947,9.851250648498535,1763655951262639000,3,0.0007635809597559273,-0.000305432389723137,-0.00045814859913662076,1763655951273938200,3,-90.50625610351562,37.837501525878906,-132.2062530517578
1763655952.6401289,1763655952.5907776,b81928da-0be1-4d3c-8bf2-fe05918f113d,779672ea-757e-45d7-9e9b-771dc4343b23,6978,1763655952267399000,3,0.004793526604771614,0.002275630831718445,-0.005992889404296875,1763655952281266400,3,0.0030543238390237093,0.003665188793092966,0.002443459117785096,1763655952273938200,3,-90.2437515258789,37.42500305175781,-132.5812530517578
1763655953.640371,1763655953.5606256,b81928da-0be1-4d3c-8bf2-fe05918f113d,779672ea-757e-45d7-9e9b-771dc4343b23,6979,1763655953258205000,3,-0.01196411345154047,-0.1818545162677765,9.844072341918945,1763655953257451000,3,0.004276053514331579,0.003665188793092966,0.002443459117785096,1763655953273938200,3,-89.53125,38.08125305175781,-132.84375
1763655954.6403935,1763655954.6120698,b81928da-0be1-4d3c-8bf2-fe05918f113d,779672ea-757e-45d7-9e9b-771dc4343b23,6980,1763655954287399000,3,0.001850120723247528,0.0011734962463378906,0.008301734924316406,1763655954293055000,3,-0.00045814859913662076,-0.0009162971982732415,0.0001527161948615685,1763655954283938000,3,-90.1875,37.72500228881836,-132.24375915527344
1763655955.6401267,1763655955.6219902,b81928da-0be1-4d3c-8bf2-fe05918f113d,779672ea-757e-45d7-9e9b-771dc4343b23,6981,1763655955286970400,3,-0.01196411345154047,-0.1818545162677765,9.841679573059082,1763655955294705000,3,0.0007635809597559273,0.0009162971982732415,-0.00045814859913662076,1763655955293938200,3,-90.65625,37.275001525878906,-132.07501220703125
1763655956.5402505,1763655956.5088906,b81928da-0be1-4d3c-8bf2-fe05918f113d,779672ea-757e-45d7-9e9b-771dc4343b23,6982,1763655956297398800,3,-0.009505260735750198,0.007782265543937683,0.0036106109619140625,1763655956296354600,3,-0.00045814859913662076,0.0009162971982732415,0.0001527161948615685,1763655956293938200,3,-90.22500610351562,37.89375305175781,-132.9562530517578
1763655957.6403577,1763655957.569316,b81928da-0be1-4d3c-8bf2-fe05918f113d,779672ea-757e-45d7-9e9b-771dc4343b23,6983,1763655957290269700,3,-0.02153540402650833,-0.18424734473228455,9.848857879638672,1763655957289515500,3,0.0007635809597559273,-0.000305432389723137,0.0001527161948615685,1763655957293938200,3,-89.5875015258789,38.36250305175781,-133.9875030517578
1763655958.6402078,1763655958.5759838,b81928da-0be1-4d3c-8bf2-fe05918f113d,779672ea-757e-45d7-9e9b-771dc4343b23,6984,1763655958300407600,3,-0.007178467698395252,-0.18424734473228455,9.851250648498535,1763655958299653400,3,0.0007635809597559273,-0.000305432389723137,0.0001527161948615685,1763655958303938000,3,22.5,13.162500381469727,-21.993751525878906
1763655959.739772,1763655959.7212782,b81928da-0be1-4d3c-8bf2-fe05918f113d,779672ea-757e-45d7-9e9b-771dc4343b23,6985,1763655959293568000,3,-0.0023928226437419653,-0.1818545162677765,9.841679573059082,1763655959292814000,3,0.0001527161948615685,-0.000305432389723137,0.0001527161948615685,1763655959303938000,3,-89.00625610351562,39.41250228881836,-135.61875915527344
1763655960.840492,1763655960.7971818,b81928da-0be1-4d3c-8bf2-fe05918f113d,779672ea-757e-45d7-9e9b-771dc4343b23,6986,1763655960295217000,3,-0.01196411345154047,-0.17706887423992157,9.853643417358398,1763655960294462700,3,0.0001527161948615685,0.000305432389723137,0.0001527161948615685,1763655960303938000,3,21.9375,12.843750953674316,-22.106250762939453
1763655961.8407366,1763655961.7549632,b81928da-0be1-4d3c-8bf2-fe05918f113d,779672ea-757e-45d7-9e9b-771dc4343b23,6987,1763655961317398800,3,-0.001108645461499691,0.0012323260307312012,-2.765655517578125e-05,1763655961313088800,3,-0.00045814859913662076,0.000305432389723137,0.0001527161948615685,1763655961313938200,3,-90,37.76250076293945,-132.71250915527344
1763655962.640624,1763655962.5799851,b81928da-0be1-4d3c-8bf2-fe05918f113d,779672ea-757e-45d7-9e9b-771dc4343b23,6988,1763655962323979800,3,-0.009571290574967861,-0.1818545162677765,9.858428955078125,1763655962314737400,3,0.003665188793092966,0.002443459117785096,0.001832594396546483,1763655962323938000,3,22.21875,12.731250762939453,-21.375
1763655963.5447628,1763655963.5429046,b81928da-0be1-4d3c-8bf2-fe05918f113d,779672ea-757e-45d7-9e9b-771dc4343b23,6989,1763655963325628400,3,-0.009571290574967861,-0.17228323221206665,9.858428955078125,1763655963316386000,3,0.0007635809597559273,0.000305432389723137,0.0001527161948615685,1763655963323938000,3,21.900001525878906,12.937500953674316,-21.09375
1763655964.6401486,1763655964.5481193,b81928da-0be1-4d3c-8bf2-fe05918f113d,779672ea-757e-45d7-9e9b-771dc4343b23,6990,1763655964327277000,3,-0.009571290574967861,-0.1818545162677765,9.846465110778809,1763655964326523100,3,0.004276053514331579,0.0030543238390237093,0.002443459117785096,1763655964333938200,3,-89.94375610351562,38.19375228881836,-133.57501220703125
1763655965.6403074,1763655965.5466356,b81928da-0be1-4d3c-8bf2-fe05918f113d,779672ea-757e-45d7-9e9b-771dc4343b23,6991,1763655965337398800,3,0.0028440020978450775,-0.005313768982887268,0.0031328201293945312,1763655965328171500,3,0.004276053514331579,0.003665188793092966,0.0030543238390237093,1763655965333938200,3,-90.54375457763672,37.48125076293945,-132.60000610351562
1763655966.7398934,1763655966.6749563,b81928da-0be1-4d3c-8bf2-fe05918f113d,779672ea-757e-45d7-9e9b-771dc4343b23,6992,1763655966337398800,3,9.824894368648529e-05,0.008919388055801392,0.009686470031738281,1763655966329820000,3,0.004276053514331579,0.003665188793092966,0.002443459117785096,1763655966343938000,3,-90.03750610351562,37.85625076293945,-132.60000610351562
1763655967.6400506,1763655967.5677557,b81928da-0be1-4d3c-8bf2-fe05918f113d,779672ea-757e-45d7-9e9b-771dc4343b23,6993,1763655967340711000,3,-0.019142581149935722,-0.17946170270442963,9.865608215332031,1763655967331468300,3,0.0013744457392022014,-0.000305432389723137,-0.0010690133785828948,1763655967343938000,3,-90.48750305175781,37.59375,-133.4250030517578
1763655969.3400335,1763655969.3343685,b81928da-0be1-4d3c-8bf2-fe05918f113d,779672ea-757e-45d7-9e9b-771dc4343b23,6994,1763655968337398800,3,-0.0007362905889749527,0.00039295852184295654,0.009896278381347656,1763655968333116400,3,0.0001527161948615685,0.0009162971982732415,-0.00045814859913662076,1763655968343938000,3,-90.11250305175781,37.98750305175781,-133.01251220703125
1763655969.6423612,1763655969.6396174,b81928da-0be1-4d3c-8bf2-fe05918f113d,779672ea-757e-45d7-9e9b-771dc4343b23,6995,1763655969344007200,3,-0.016749758273363113,-0.1746760457754135,9.856036186218262,1763655969334764500,3,0.004886918235570192,0.003665188793092966,0.002443459117785096,1763655969343938000,3,-89.70000457763672,39.28125,-135.33750915527344
1763655970.740109,1763655970.6770322,b81928da-0be1-4d3c-8bf2-fe05918f113d,779672ea-757e-45d7-9e9b-771dc4343b23,6996,1763655970345655000,3,-0.01196411345154047,-0.1746760457754135,9.853643417358398,1763655970353389600,3,0.0007635809597559273,0.000305432389723137,0.0007635809597559273,1763655970353938200,3,22.40625,13.500000953674316,-22.725000381469727
1763655971.6396618,1763655971.5712936,b81928da-0be1-4d3c-8bf2-fe05918f113d,779672ea-757e-45d7-9e9b-771dc4343b23,6997,1763655971355791400,3,-0.016749758273363113,-0.17946170270442963,9.858428955078125,1763655971355037200,3,0.004276053514331579,0.003665188793092966,0.002443459117785096,1763655971363938000,3,21.881250381469727,13.031250953674316,-21.693750381469727
1763655972.6402938,1763655972.6002185,b81928da-0be1-4d3c-8bf2-fe05918f113d,779672ea-757e-45d7-9e9b-771dc4343b23,6998,1763655972365927400,3,-0.019142581149935722,-0.17228323221206665,9.860821723937988,1763655972373662000,3,0.0001527161948615685,0.0009162971982732415,-0.0010690133785828948,1763655972373938200,3,22.03125,13.256250381469727,-20.943750381469727
1763655973.6401634,1763655973.5697014,b81928da-0be1-4d3c-8bf2-fe05918f113d,779672ea-757e-45d7-9e9b-771dc4343b23,6999,1763655973377398800,3,-0.004091138020157814,0.006722569465637207,-0.000209808349609375,1763655973375309600,3,-0.00045814859913662076,-0.000305432389723137,0.0001527161948615685,1763655973373938200,3,-89.7750015258789,38.19375228881836,-132.90000915527344
1763655974.6400476,1763655974.5969093,b81928da-0be1-4d3c-8bf2-fe05918f113d,779672ea-757e-45d7-9e9b-771dc4343b23,7000,1763655974369222100,3,-0.019142581149935722,-0.17946170270442963,9.853643417358398,1763655974368468200,3,0.004886918235570192,0.0030543238390237093,0.002443459117785096,1763655974373938200,3,-89.98125457763672,38.0625,-133.2375030517578
1763655975.7396493,1763655975.7194831,b81928da-0be1-4d3c-8bf2-fe05918f113d,779672ea-757e-45d7-9e9b-771dc4343b23,7001,1763655975377398800,3,-0.0035589057952165604,0.001577526330947876,-0.001087188720703125,1763655975370115000,3,0.003665188793092966,0.002443459117785096,0.001221729558892548,1763655975383938000,3,-90.03750610351562,37.57500076293945,-133.59375
1763655976.7396297,1763655976.7191954,b81928da-0be1-4d3c-8bf2-fe05918f113d,779672ea-757e-45d7-9e9b-771dc4343b23,7002,1763655976377398800,3,0.004893198609352112,-0.0018342584371566772,0.0032186508178710938,1763655976371761400,3,0.004886918235570192,0.0030543238390237093,0.002443459117785096,1763655976383938000,3,-89.8125,38.47500228881836,-133.2375030517578
1763655977.7401748,1763655977.6601756,b81928da-0be1-4d3c-8bf2-fe05918f113d,779672ea-757e-45d7-9e9b-771dc4343b23,7003,1763655977391138600,3,-0.01196411345154047,-0.17706887423992157,9.856036186218262,1763655977390384600,3,0.0001527161948615685,0.000305432389723137,-0.00045814859913662076,1763655977383938000,3,-90.1500015258789,37.72500228881836,-133.10626220703125
1763655978.7403173,1763655978.6799583,b81928da-0be1-4d3c-8bf2-fe05918f113d,779672ea-757e-45d7-9e9b-771dc4343b23,7004,1763655978384295700,3,-0.01196411345154047,-0.1746760457754135,9.853643417358398,1763655978392030200,3,0.0001527161948615685,-0.0009162971982732415,-0.00045814859913662076,1763655978383938000,3,21.5625,12.918750762939453,-21.375
1763655979.7404213,1763655979.666111,b81928da-0be1-4d3c-8bf2-fe05918f113d,779672ea-757e-45d7-9e9b-771dc4343b23,7005,1763655979385941000,3,-0.009571290574967861,-0.1746760457754135,9.863214492797852,1763655979393675500,3,-0.0010690133785828948,0.000305432389723137,0.0001527161948615685,1763655979393938200,3,-90.22500610351562,37.5,-132.97500610351562
1763655980.6401606,1763655980.6258698,b81928da-0be1-4d3c-8bf2-fe05918f113d,779672ea-757e-45d7-9e9b-771dc4343b23,7006,1763655980397398800,3,0.0017211176455020905,0.004718676209449768,0.007971763610839844,1763655980395320600,3,0.0007635809597559273,-0.000305432389723137,0.0001527161948615685,1763655980393938200,3,21.65625,12.075000762939453,-21.84375
1763655981.840184,1763655981.7467427,b81928da-0be1-4d3c-8bf2-fe05918f113d,779672ea-757e-45d7-9e9b-771dc4343b23,7007,1763655981397398800,3,-0.006861379370093346,0.003086179494857788,0.000972747802734375,1763655981396965000,3,0.0001527161948615685,0.000305432389723137,0.0001527161948615685,1763655981393938200,3,-89.9625015258789,37.81875228881836,-132.99375915527344
1763655982.8399403,1763655982.7802572,b81928da-0be1-4d3c-8bf2-fe05918f113d,779672ea-757e-45d7-9e9b-771dc4343b23,7008,1763655982397398800,3,0.002103980630636215,-0.005151048302650452,-0.000942230224609375,1763655982398609400,3,-0.00045814859913662076,0.000305432389723137,0.0001527161948615685,1763655982393938200,3,-90.0562515258789,38.0625,-133.55625915527344
1763655983.8402302,1763655983.8000145,b81928da-0be1-4d3c-8bf2-fe05918f113d,779672ea-757e-45d7-9e9b-771dc4343b23,7009,1763655983397398800,3,-0.003229915164411068,0.002607211470603943,0.005780220031738281,1763655983400253400,3,0.0001527161948615685,-0.000305432389723137,0.0001527161948615685,1763655983403938000,3,21.67500114440918,12.562500953674316,-20.943750381469727
1763655985.0404499,1763655984.9989302,b81928da-0be1-4d3c-8bf2-fe05918f113d,779672ea-757e-45d7-9e9b-771dc4343b23,7010,1763655984394162700,3,-0.016749758273363113,-0.18424734473228455,9.846465110778809,1763655984393408500,3,0.004886918235570192,0.003665188793092966,0.002443459117785096,1763655984403938000,3,-89.64375305175781,37.70625305175781,-132.71250915527344
1763655985.7400563,1763655985.6675842,b81928da-0be1-4d3c-8bf2-fe05918f113d,779672ea-757e-45d7-9e9b-771dc4343b23,7011,1763655985404294700,3,-0.014356935396790504,-0.17946170270442963,9.858428955078125,1763655985403540500,3,-0.00045814859913662076,0.000305432389723137,0.0001527161948615685,1763655985403938000,3,-90.03750610351562,38.70000076293945,-132.8625030517578
1763655986.7414894,1763655986.7398643,b81928da-0be1-4d3c-8bf2-fe05918f113d,779672ea-757e-45d7-9e9b-771dc4343b23,7012,1763655986405937700,3,-0.007178467698395252,-0.1746760457754135,9.858428955078125,1763655986405183500,3,0.004276053514331579,0.003665188793092966,0.002443459117785096,1763655986413938200,3,-89.5875015258789,38.025001525878906,-132.2062530517578
1763655987.740177,1763655987.6442914,b81928da-0be1-4d3c-8bf2-fe05918f113d,779672ea-757e-45d7-9e9b-771dc4343b23,7013,1763655987417398800,3,-0.0020886901766061783,0.0018274784088134766,0.008974075317382812,1763655987406826200,3,-0.00045814859913662076,0.000305432389723137,0.0007635809597559273,1763655987413938200,3,-89.6812515258789,38.25,-133.55625915527344
1763655988.6397889,1763655988.614577,b81928da-0be1-4d3c-8bf2-fe05918f113d,779672ea-757e-45d7-9e9b-771dc4343b23,7014,1763655988417400600,3,0.0032297996804118156,5.984306335449219e-05,0.003414154052734375,1763655988408470300,3,0.004886918235570192,0.0030543238390237093,0.002443459117785096,1763655988413940000,3,-89.55000305175781,38.493751525878906,-133.18125915527344
1763655989.8397074,1763655989.7428303,b81928da-0be1-4d3c-8bf2-fe05918f113d,779672ea-757e-45d7-9e9b-771dc4343b23,7015,1763655989419355000,3,-0.016749758273363113,-0.17228323221206665,9.846465110778809,1763655989410112300,3,0.004886918235570192,0.003665188793092966,0.002443459117785096,1763655989423939800,3,-89.41875457763672,38.34375,-134.4562530517578
1763655990.7403715,1763655990.7290404,b81928da-0be1-4d3c-8bf2-fe05918f113d,779672ea-757e-45d7-9e9b-771dc4343b23,7016,1763655990420996600,3,-0.014356935396790504,-0.1698904037475586,9.863214492797852,1763655990411754000,3,0.0001527161948615685,-0.000305432389723137,0.0001527161948615685,1763655990423939800,3,-89.8687515258789,37.89375305175781,-133.16250610351562
1763655991.7397528,1763655991.6550639,b81928da-0be1-4d3c-8bf2-fe05918f113d,779672ea-757e-45d7-9e9b-771dc4343b23,7017,1763655991414149400,3,-0.016749758273363113,-0.17706887423992157,9.858428955078125,1763655991413395500,3,0.0054977829568088055,0.004276053514331579,0.0030543238390237093,1763655991423939800,3,-89.71875,38.56875228881836,-132.3937530517578
1763655992.7399402,1763655992.6808228,b81928da-0be1-4d3c-8bf2-fe05918f113d,779672ea-757e-45d7-9e9b-771dc4343b23,7018,1763655992427400700,3,0.0037724487483501434,0.0068307071924209595,0.0032510757446289062,1763655992415036700,3,0.004276053514331579,0.003665188793092966,0.001832594396546483,1763655992423939800,3,-89.70000457763672,38.10000228881836,-132.78750610351562
1763655993.8400757,1763655993.7795527,b81928da-0be1-4d3c-8bf2-fe05918f113d,779672ea-757e-45d7-9e9b-771dc4343b23,7019,1763655993437400600,3,-0.00416924525052309,-0.0028113722801208496,-0.0020599365234375,1763655993425165800,3,0.003665188793092966,0.002443459117785096,0.002443459117785096,1763655993433940000,3,-89.8687515258789,37.837501525878906,-132.7687530517578
1763655994.739791,1763655994.7373204,b81928da-0be1-4d3c-8bf2-fe05918f113d,779672ea-757e-45d7-9e9b-771dc4343b23,7020,1763655994427560400,3,-0.009571290574967861,-0.1866401731967926,9.846465110778809,1763655994426806500,3,-0.00045814859913662076,0.0009162971982732415,0.0001527161948615685,1763655994433940000,3,21.67500114440918,12.393750190734863,-20.981250762939453
1763655995.8398857,1763655995.8130867,b81928da-0be1-4d3c-8bf2-fe05918f113d,779672ea-757e-45d7-9e9b-771dc4343b23,7021,1763655995429200600,3,-0.004785645287483931,-0.1746760457754135,9.853643417358398,1763655995428446700,3,-0.00045814859913662076,0.000305432389723137,0.0001527161948615685,1763655995433940000,3,-89.75625610351562,38.08125305175781,-132.99375915527344
1763655996.6398394,1763655996.6353292,b81928da-0be1-4d3c-8bf2-fe05918f113d,779672ea-757e-45d7-9e9b-771dc4343b23,7022,1763655996437400600,3,-0.010029598139226437,0.0020505189895629883,0.0077610015869140625,1763655996438575000,3,0.0001527161948615685,0.000305432389723137,0.0007635809597559273,1763655996433940000,3,-89.34375,38.04375076293945,-132.78750610351562
1763655997.739952,1763655997.6906781,b81928da-0be1-4d3c-8bf2-fe05918f113d,779672ea-757e-45d7-9e9b-771dc4343b23,7023,1763655997440968400,3,-0.016749758273363113,-0.1746760457754135,9.853643417358398,1763655997440214500,3,0.0007635809597559273,-0.000305432389723137,0.0007635809597559273,1763655997443939800,3,21.993751525878906,13.537500381469727,-21.806251525878906
1763655998.9404862,1763655998.8974974,b81928da-0be1-4d3c-8bf2-fe05918f113d,779672ea-757e-45d7-9e9b-771dc4343b23,7024,1763655998447400700,3,0.0032378556206822395,-0.0013028979301452637,0.00897216796875,1763655998441853700,3,0.0001527161948615685,0.0009162971982732415,0.0007635809597559273,1763655998443939800,3,21.881250381469727,12.862500190734863,-22.256250381469727
1763655999.8402696,1763655999.7981925,b81928da-0be1-4d3c-8bf2-fe05918f113d,779672ea-757e-45d7-9e9b-771dc4343b23,7025,1763655999437400600,3,0.0016118604689836502,0.005120709538459778,-0.000835418701171875,1763655999443492600,3,0.0001527161948615685,0.000305432389723137,0.0001527161948615685,1763655999443939800,3,23.568750381469727,15.300000190734863,-25.556251525878906
1763656000.7397494,1763656000.7287395,b81928da-0be1-4d3c-8bf2-fe05918f113d,779672ea-757e-45d7-9e9b-771dc4343b23,7026,1763656000457400600,3,-0.00033117085695266724,-0.0006806105375289917,-0.0069828033447265625,1763656000436643000,3,0.004276053514331579,0.003665188793092966,0.001832594396546483,1763656000453940000,3,22.650001525878906,13.068750381469727,-22.6875
1763656001.8400292,1763656001.8009276,b81928da-0be1-4d3c-8bf2-fe05918f113d,779672ea-757e-45d7-9e9b-771dc4343b23,7027,1763656001457400600,3,0.0036412030458450317,0.0021580159664154053,0.010085105895996094,1763656001438281200,3,0.004276053514331579,0.003665188793092966,0.002443459117785096,1763656001453940000,3,22.21875,12.937500953674316,-21.881250381469727
1763656002.843349,1763656002.8414552,b81928da-0be1-4d3c-8bf2-fe05918f113d,779672ea-757e-45d7-9e9b-771dc4343b23,7028,1763656002447400700,3,-0.001529540866613388,0.0019161999225616455,-0.0023479461669921875,1763656002456896500,3,0.004276053514331579,0.003665188793092966,0.002443459117785096,1763656002453940000,3,-89.75625610351562,38.23125076293945,-133.3125
1763656003.7397845,1763656003.7339334,b81928da-0be1-4d3c-8bf2-fe05918f113d,779672ea-757e-45d7-9e9b-771dc4343b23,7029,1763656003450800400,3,-0.016749758273363113,-0.1818545162677765,9.824930191040039,1763656003441558000,3,0.003665188793092966,0.002443459117785096,0.002443459117785096,1763656003453940000,3,-89.90625,37.80000305175781,-133.06875610351562
1763656004.9400535,1763656004.9017746,b81928da-0be1-4d3c-8bf2-fe05918f113d,779672ea-757e-45d7-9e9b-771dc4343b23,7030,1763656004452439000,3,-0.01196411345154047,-0.1698904037475586,9.839286804199219,1763656004443196700,3,0.00045814859913662076,0.0001527161948615685,0.0001527161948615685,1763656004463939800,3,22.875,13.143750190734863,-21.600000381469727
1763656005.8400965,1763656005.799487,b81928da-0be1-4d3c-8bf2-fe05918f113d,779672ea-757e-45d7-9e9b-771dc4343b23,7031,1763656005454078500,3,-0.014356935396790504,-0.1866401731967926,9.860821723937988,1763656005453324300,3,0.00045814859913662076,0.0001527161948615685,0.0007635809597559273,1763656005463939800,3,-89.38125610351562,38.13750076293945,-132.97500610351562
1763656008.4404926,1763656008.3921094,b81928da-0be1-4d3c-8bf2-fe05918f113d,779672ea-757e-45d7-9e9b-771dc4343b23,7032,1763656007457357300,3,-0.02153540402650833,-0.1746760457754135,9.846465110778809,1763656007456603400,3,0.0054977829568088055,0.002443459117785096,0.001832594396546483,1763656007463937800,3,-86.4000015258789,41.85000228881836,-139.83750915527344
1763656009.1404333,1763656009.0625308,b81928da-0be1-4d3c-8bf2-fe05918f113d,779672ea-757e-45d7-9e9b-771dc4343b23,7033,1763656008477398500,3,0.0011612176895141602,0.017838940024375916,-0.0102996826171875,1763656008466733600,3,0.004886918235570192,0.004886918235570192,0.001832594396546483,1763656008473938000,3,24.806251525878906,16.59375,-27.656251907348633
1763656009.7403612,1763656009.6769447,b81928da-0be1-4d3c-8bf2-fe05918f113d,779672ea-757e-45d7-9e9b-771dc4343b23,7034,1763656009477398500,3,0.01214530784636736,0.021941259503364563,-0.0005321502685546875,1763656009476864800,3,-0.0007635809597559273,-0.0010690133785828948,0.0007635809597559273,1763656009473938000,3,25.912500381469727,17.662500381469727,-29.531251907348633
1763656011.0398865,1763656011.0156271,b81928da-0be1-4d3c-8bf2-fe05918f113d,779672ea-757e-45d7-9e9b-771dc4343b23,7035,1763656010479262200,3,-0.12203395366668701,-0.064606212079525,9.906285285949707,1763656010478508000,3,-0.0019853105768561363,-0.004734201822429895,0.0001527161948615685,1763656010473938000,3,-86.92500305175781,41.04375076293945,-138.375
1763656011.8404486,1763656011.7851098,b81928da-0be1-4d3c-8bf2-fe05918f113d,779672ea-757e-45d7-9e9b-771dc4343b23,7036,1763656011472417800,3,-0.02153540402650833,-0.17946170270442963,9.848857879638672,1763656011480152300,3,-0.0001527161948615685,0.0001527161948615685,0.0001527161948615685,1763656011483937800,3,25.106250762939453,16.6875,-28.162500381469727
1763656012.8402178,1763656012.750365,b81928da-0be1-4d3c-8bf2-fe05918f113d,779672ea-757e-45d7-9e9b-771dc4343b23,7037,1763656012477398500,3,-0.0034360866993665695,-0.00282934308052063,0.013321876525878906,1763656012490285800,3,-0.0001527161948615685,-0.0010690133785828948,0.0001527161948615685,1763656012483937800,3,-89.4000015258789,39.48750305175781,-135.45001220703125
1763656013.8397279,1763656013.797122,b81928da-0be1-4d3c-8bf2-fe05918f113d,779672ea-757e-45d7-9e9b-771dc4343b23,7038,1763656013475708700,3,-0.009571290574967861,-0.1818545162677765,9.844072341918945,1763656013474954500,3,0.00045814859913662076,-0.00045814859913662076,0.0001527161948615685,1763656013483937800,3,21.825000762939453,12.956250190734863,-21.168750762939453
1763656014.8400967,1763656014.822027,b81928da-0be1-4d3c-8bf2-fe05918f113d,779672ea-757e-45d7-9e9b-771dc4343b23,7039,1763656014494332400,3,-0.02392822690308094,-0.17706887423992157,9.846465110778809,1763656014493578200,3,0.004276053514331579,0.004886918235570192,0.0030543238390237093,1763656014493938000,3,-89.17500305175781,38.868751525878906,-134.38125610351562
1763656015.7401466,1763656015.7131898,b81928da-0be1-4d3c-8bf2-fe05918f113d,779672ea-757e-45d7-9e9b-771dc4343b23,7040,1763656015479003100,3,-0.02632104977965355,-0.16510476171970367,9.836894035339355,1763656015495226000,3,-0.0007635809597559273,0.0001527161948615685,-0.00045814859913662076,1763656015493938000,3,21.48750114440918,12.61875057220459,-21.58125114440918
1763656016.9401433,1763656016.869826,b81928da-0be1-4d3c-8bf2-fe05918f113d,779672ea-757e-45d7-9e9b-771dc4343b23,7041,1763656016487398700,3,-0.005909686908125877,-0.004199594259262085,-0.0024852752685546875,1763656016496875300,3,0.00045814859913662076,0.0001527161948615685,-0.00045814859913662076,1763656016493938000,3,-90.39375305175781,37.3125,-132.75
1763656017.840382,1763656017.7548902,b81928da-0be1-4d3c-8bf2-fe05918f113d,779672ea-757e-45d7-9e9b-771dc4343b23,7042,1763656017482302500,3,-0.019142581149935722,-0.1746760457754135,9.853643417358398,1763656017481548500,3,-0.0001527161948615685,0.0001527161948615685,0.0001527161948615685,1763656017493938000,3,21.525001525878906,11.793750762939453,-21.618751525878906
1763656018.8396366,1763656018.8184738,b81928da-0be1-4d3c-8bf2-fe05918f113d,779672ea-757e-45d7-9e9b-771dc4343b23,7043,1763656018487398700,3,-0.00045298971235752106,0.003773704171180725,-0.007424354553222656,1763656018500177200,3,0.004886918235570192,0.003665188793092966,0.001832594396546483,1763656018493938000,3,-90.1875,37.462501525878906,-132.75
1763656020.0414088,1763656020.0400305,b81928da-0be1-4d3c-8bf2-fe05918f113d,779672ea-757e-45d7-9e9b-771dc4343b23,7044,1763656019494095400,3,-0.02392822690308094,-0.17228323221206665,9.836894035339355,1763656019493341400,3,0.004886918235570192,0.0030543238390237093,0.002443459117785096,1763656019493938000,3,-89.38125610351562,38.38125228881836,-132.99375915527344
1763656020.8397257,1763656020.751713,b81928da-0be1-4d3c-8bf2-fe05918f113d,779672ea-757e-45d7-9e9b-771dc4343b23,7045,1763656020495749400,3,-0.014356935396790504,-0.17706887423992157,9.846465110778809,1763656020503484000,3,0.00045814859913662076,0.0001527161948615685,0.0001527161948615685,1763656020503937800,3,-90.41250610351562,37.650001525878906,-132.24375915527344
1763656021.8397007,1763656021.7569072,b81928da-0be1-4d3c-8bf2-fe05918f113d,779672ea-757e-45d7-9e9b-771dc4343b23,7046,1763656021517398500,3,-0.0013040602207183838,0.010337740182876587,-0.0011653900146484375,1763656021505138700,3,-0.0001527161948615685,0.0001527161948615685,0.0001527161948615685,1763656021513938000,3,21.993751525878906,12.787500381469727,-21.806251525878906
1763656022.940375,1763656022.8610182,b81928da-0be1-4d3c-8bf2-fe05918f113d,779672ea-757e-45d7-9e9b-771dc4343b23,7047,1763656022517398500,3,-0.0036428626626729965,0.0008725225925445557,-0.0012454986572265625,1763656022515283000,3,0.004276053514331579,0.0030543238390237093,0.001832594396546483,1763656022513938000,3,-89.15625,38.19375228881836,-133.4250030517578
1763656023.9399943,1763656023.8486035,b81928da-0be1-4d3c-8bf2-fe05918f113d,779672ea-757e-45d7-9e9b-771dc4343b23,7048,1763656023517693200,3,-0.016749758273363113,-0.17946170270442963,9.841679573059082,1763656023516939300,3,0.004276053514331579,0.0030543238390237093,0.002443459117785096,1763656023513938000,3,-90.20625305175781,37.57500076293945,-132.88125610351562
1763656024.8403573,1763656024.834213,b81928da-0be1-4d3c-8bf2-fe05918f113d,779672ea-757e-45d7-9e9b-771dc4343b23,7049,1763656024519350000,3,-0.02392822690308094,-0.1698904037475586,9.844072341918945,1763656024518596000,3,0.004276053514331579,0.004886918235570192,0.002443459117785096,1763656024513938000,3,-90.45000457763672,37.70625305175781,-132.4875030517578
1763656025.73998,1763656025.7346675,b81928da-0be1-4d3c-8bf2-fe05918f113d,779672ea-757e-45d7-9e9b-771dc4343b23,7050,1763656025521007400,3,-0.016749758273363113,-0.18424734473228455,9.832108497619629,1763656025520253200,3,0.004276053514331579,0.0030543238390237093,0.002443459117785096,1763656025523937800,3,22.21875,12.412500381469727,-21.918750762939453
1763656026.8406477,1763656026.785486,b81928da-0be1-4d3c-8bf2-fe05918f113d,779672ea-757e-45d7-9e9b-771dc4343b23,7051,1763656026522664700,3,-0.02632104977965355,-0.18424734473228455,9.870393753051758,1763656026530399500,3,0.00045814859913662076,0.0001527161948615685,0.0001527161948615685,1763656026523937800,3,22.33125114440918,13.106250762939453,-21.543750762939453
1763656027.840105,1763656027.8286448,b81928da-0be1-4d3c-8bf2-fe05918f113d,779672ea-757e-45d7-9e9b-771dc4343b23,7052,1763656027524322600,3,-0.019142581149935722,-0.17706887423992157,9.841679573059082,1763656027532057000,3,-0.0007635809597559273,0.0007635809597559273,0.0007635809597559273,1763656027523937800,3,22.181251525878906,12.71250057220459,-21.168750762939453
1763656028.942424,1763656028.9403136,b81928da-0be1-4d3c-8bf2-fe05918f113d,779672ea-757e-45d7-9e9b-771dc4343b23,7053,1763656028525980400,3,-0.02153540402650833,-0.1698904037475586,9.846465110778809,1763656028525226500,3,0.00045814859913662076,-0.00045814859913662076,0.0001527161948615685,1763656028533938000,3,-90.11250305175781,37.743751525878906,-133.08750915527344
1763656029.9403918,1763656029.8536744,b81928da-0be1-4d3c-8bf2-fe05918f113d,779672ea-757e-45d7-9e9b-771dc4343b23,7054,1763656029537398500,3,0.003531675785779953,0.003559216856956482,-0.006295204162597656,1763656029526884400,3,0.004276053514331579,0.0030543238390237093,0.001832594396546483,1763656029533938000,3,21.76875114440918,12.393750190734863,-21.918750762939453
1763656031.840818,1763656031.8031285,b81928da-0be1-4d3c-8bf2-fe05918f113d,779672ea-757e-45d7-9e9b-771dc4343b23,7055,1763656030537398500,3,0.0010974723845720291,0.003815576434135437,0.0061054229736328125,1763656030528542200,3,0.004276053514331579,0.003665188793092966,0.0030543238390237093,1763656030533938000,3,-89.75625610351562,37.931251525878906,-132.41250610351562
1763656032.9403946,1763656032.8613567,b81928da-0be1-4d3c-8bf2-fe05918f113d,779672ea-757e-45d7-9e9b-771dc4343b23,7057,1763656032537398500,3,-0.0009403117001056671,0.009442344307899475,-0.002349853515625,1763656032531858000,3,0.004276053514331579,0.003665188793092966,0.001832594396546483,1763656032543937800,3,-90.30000305175781,37.81875228881836,-132.88125610351562
1763656033.94038,1763656033.8553405,b81928da-0be1-4d3c-8bf2-fe05918f113d,779672ea-757e-45d7-9e9b-771dc4343b23,7058,1763656033534269400,3,-0.019142581149935722,-0.1746760457754135,9.856036186218262,1763656033533515500,3,0.003665188793092966,0.004276053514331579,0.002443459117785096,1763656033543937800,3,21.918750762939453,13.125000953674316,-20.92500114440918
1763656034.94029,1763656034.8677073,b81928da-0be1-4d3c-8bf2-fe05918f113d,779672ea-757e-45d7-9e9b-771dc4343b23,7059,1763656034547398700,3,0.00014657899737358093,0.0016096234321594238,0.0034475326538085938,1763656034535172900,3,0.00045814859913662076,-0.00045814859913662076,0.0001527161948615685,1763656034543937800,3,-89.53125,38.36250305175781,-134.66250610351562
1763656035.939913,1763656035.9055595,b81928da-0be1-4d3c-8bf2-fe05918f113d,779672ea-757e-45d7-9e9b-771dc4343b23,7060,1763656035546072800,3,-0.02153540402650833,-0.17228323221206665,9.853643417358398,1763656035553807400,3,0.003665188793092966,0.002443459117785096,0.002443459117785096,1763656035553938000,3,21.900001525878906,12.693750381469727,-21.037500381469727
1763656036.839948,1763656036.8366728,b81928da-0be1-4d3c-8bf2-fe05918f113d,779672ea-757e-45d7-9e9b-771dc4343b23,7061,1763656036547729700,3,-0.016749758273363113,-0.1698904037475586,9.851250648498535,1763656036555464200,3,0.00045814859913662076,-0.0010690133785828948,0.0001527161948615685,1763656036553938000,3,21.975000381469727,12.731250762939453,-21.506250381469727
1763656037.9404268,1763656037.9250867,b81928da-0be1-4d3c-8bf2-fe05918f113d,779672ea-757e-45d7-9e9b-771dc4343b23,7062,1763656037549386500,3,-0.02392822690308094,-0.1746760457754135,9.858428955078125,1763656037548632600,3,0.00045814859913662076,-0.00045814859913662076,0.0001527161948615685,1763656037553938000,3,-89.9625015258789,38.36250305175781,-132.41250610351562
1763656038.9398613,1763656038.8532517,b81928da-0be1-4d3c-8bf2-fe05918f113d,779672ea-757e-45d7-9e9b-771dc4343b23,7063,1763656038557398500,3,0.0017969775944948196,-0.005902841687202454,0.004151344299316406,1763656038550289200,3,0.004276053514331579,0.004276053514331579,0.002443459117785096,1763656038553938000,3,22.23750114440918,13.068750381469727,-21.525001525878906
1763656039.9399426,1763656039.9064267,b81928da-0be1-4d3c-8bf2-fe05918f113d,779672ea-757e-45d7-9e9b-771dc4343b23,7064,1763656039552699400,3,-0.02153540402650833,-0.1746760457754135,9.848857879638672,1763656039568922600,3,0.004886918235570192,0.003665188793092966,0.002443459117785096,1763656039563937800,3,-89.47500610351562,38.64375305175781,-133.74375915527344
1763656041.0397491,1763656040.9510076,b81928da-0be1-4d3c-8bf2-fe05918f113d,779672ea-757e-45d7-9e9b-771dc4343b23,7065,1763656040562844200,3,-0.02632104977965355,-0.16271193325519562,9.846465110778809,1763656040562090000,3,0.003665188793092966,0.003665188793092966,0.001832594396546483,1763656040563937800,3,-89.66250610351562,37.96875,-132.99375915527344
1763656042.0401797,1763656041.9659812,b81928da-0be1-4d3c-8bf2-fe05918f113d,779672ea-757e-45d7-9e9b-771dc4343b23,7066,1763656041564500000,3,-0.02153540402650833,-0.17228323221206665,9.858428955078125,1763656041563745800,3,0.004886918235570192,0.003665188793092966,0.002443459117785096,1763656041563937800,3,22.40625,12.975000381469727,-20.83125114440918
1763656042.9401858,1763656042.889443,b81928da-0be1-4d3c-8bf2-fe05918f113d,779672ea-757e-45d7-9e9b-771dc4343b23,7067,1763656042566155300,3,-0.016749758273363113,-0.17706887423992157,9.856036186218262,1763656042565401300,3,0.00045814859913662076,0.0007635809597559273,-0.0010690133785828948,1763656042573938000,3,-89.75625610351562,38.08125305175781,-132.45001220703125
1763656043.940096,1763656043.8914125,b81928da-0be1-4d3c-8bf2-fe05918f113d,779672ea-757e-45d7-9e9b-771dc4343b23,7068,1763656043577398500,3,-0.014082778245210648,0.005240932106971741,0.010644912719726562,1763656043575545000,3,-0.0007635809597559273,-0.00045814859913662076,0.0007635809597559273,1763656043573938000,3,-90.31875610351562,38.00625228881836,-133.0500030517578
1763656044.9399805,1763656044.9310815,b81928da-0be1-4d3c-8bf2-fe05918f113d,779672ea-757e-45d7-9e9b-771dc4343b23,7069,1763656044577953800,3,-0.02153540402650833,-0.1818545162677765,9.851250648498535,1763656044577199900,3,0.00045814859913662076,0.0007635809597559273,0.0001527161948615685,1763656044573938000,3,-89.8125,38.19375228881836,-132.82501220703125
1763656045.8398254,1763656045.8211882,b81928da-0be1-4d3c-8bf2-fe05918f113d,779672ea-757e-45d7-9e9b-771dc4343b23,7070,1763656045579608000,3,-0.019142581149935722,-0.1818545162677765,9.848857879638672,1763656045587342600,3,0.003665188793092966,0.003665188793092966,0.002443459117785096,1763656045583937800,3,-90.09375,37.931251525878906,-133.29376220703125
1763656046.940726,1763656046.848559,b81928da-0be1-4d3c-8bf2-fe05918f113d,779672ea-757e-45d7-9e9b-771dc4343b23,7071,1763656046581262000,3,-0.02392822690308094,-0.17706887423992157,9.848857879638672,1763656046588996600,3,0.004276053514331579,0.003665188793092966,0.001832594396546483,1763656046583937800,3,-90.03750610351562,37.875,-132.3000030517578
1763656047.9400382,1763656047.8795772,b81928da-0be1-4d3c-8bf2-fe05918f113d,779672ea-757e-45d7-9e9b-771dc4343b23,7072,1763656047582915300,3,-0.02392822690308094,-0.1746760457754135,9.841679573059082,1763656047582161400,3,0.004886918235570192,0.0030543238390237093,0.002443459117785096,1763656047583937800,3,-89.6812515258789,37.98750305175781,-132.0187530517578
1763656049.040005,1763656048.9848957,b81928da-0be1-4d3c-8bf2-fe05918f113d,779672ea-757e-45d7-9e9b-771dc4343b23,7073,1763656048584568300,3,-0.014356935396790504,-0.17946170270442963,9.851250648498535,1763656048583814400,3,-0.0007635809597559273,0.0001527161948615685,0.0001527161948615685,1763656048583937800,3,-90,38.38125228881836,-132.43125915527344
1763656049.8435383,1763656049.8406942,b81928da-0be1-4d3c-8bf2-fe05918f113d,779672ea-757e-45d7-9e9b-771dc4343b23,7074,1763656049586221000,3,-0.016749758273363113,-0.1818545162677765,9.856036186218262,1763656049585467100,3,0.002290742937475443,-0.00045814859913662076,0.0001527161948615685,1763656049593938000,3,21.825000762939453,12.787500381469727,-21.431251525878906
1763656051.0401978,1763656050.9475927,b81928da-0be1-4d3c-8bf2-fe05918f113d,779672ea-757e-45d7-9e9b-771dc4343b23,7075,1763656050587873500,3,-0.02392822690308094,-0.17946170270442963,9.851250648498535,1763656050587119400,3,0.004276053514331579,0.0030543238390237093,0.001832594396546483,1763656050593938000,3,21.712501525878906,12.393750190734863,-20.64375114440918
1763656051.9401972,1763656051.8864672,b81928da-0be1-4d3c-8bf2-fe05918f113d,779672ea-757e-45d7-9e9b-771dc4343b23,7076,1763656051597398500,3,-0.007757401093840599,0.006588861346244812,-0.0015048980712890625,1763656051588771600,3,0.004886918235570192,0.003665188793092966,0.002443459117785096,1763656051593938000,3,-89.90625,38.306251525878906,-133.125
1763656052.9401078,1763656052.9045818,b81928da-0be1-4d3c-8bf2-fe05918f113d,779672ea-757e-45d7-9e9b-771dc4343b23,7077,1763656052597398500,3,-0.00027150288224220276,0.0037199705839157104,-0.011842727661132812,1763656052590423300,3,0.004276053514331579,0.003665188793092966,0.0030543238390237093,1763656052593938000,3,21.787500381469727,12.956250190734863,-21.243751525878906
1763656053.9397786,1763656053.9376972,b81928da-0be1-4d3c-8bf2-fe05918f113d,779672ea-757e-45d7-9e9b-771dc4343b23,7078,1763656053607398700,3,0.0032905125990509987,0.005840972065925598,-0.003276824951171875,1763656053600563500,3,0.00045814859913662076,0.0001527161948615685,0.0001527161948615685,1763656053603937800,3,-89.85000610351562,38.00625228881836,-132.61875915527344
1763656054.9445367,1763656054.942404,b81928da-0be1-4d3c-8bf2-fe05918f113d,779672ea-757e-45d7-9e9b-771dc4343b23,7079,1763656054607398700,3,-0.001478279009461403,-0.007218539714813232,0.0063152313232421875,1763656054602215000,3,0.004276053514331579,0.004276053514331579,0.002443459117785096,1763656054603937800,3,21.46875,12.675000190734863,-20.943750381469727
1763656055.939892,1763656055.913428,b81928da-0be1-4d3c-8bf2-fe05918f113d,779672ea-757e-45d7-9e9b-771dc4343b23,7080,1763656055596131600,3,-0.016749758273363113,-0.17228323221206665,9.846465110778809,1763656055603866000,3,-0.0001527161948615685,-0.00045814859913662076,0.0001527161948615685,1763656055603937800,3,22.443750381469727,13.125000953674316,-21.30000114440918
1763656057.0400107,1763656056.9899771,b81928da-0be1-4d3c-8bf2-fe05918f113d,779672ea-757e-45d7-9e9b-771dc4343b23,7081,1763656056606271000,3,-0.007178467698395252,-0.17946170270442963,9.853643417358398,1763656056605516800,3,0.004886918235570192,0.003665188793092966,0.001832594396546483,1763656056613938000,3,21.881250381469727,12.600000381469727,-20.962501525878906
1763656057.9401875,1763656057.922327,b81928da-0be1-4d3c-8bf2-fe05918f113d,779672ea-757e-45d7-9e9b-771dc4343b23,7082,1763656057617398500,3,0.0018490543588995934,-0.004767239093780518,0.005118370056152344,1763656057607167500,3,0.003665188793092966,0.0030543238390237093,0.001221729558892548,1763656057613938000,3,22.087501525878906,12.99375057220459,-21.131250381469727
1763656059.0403104,1763656058.9440114,b81928da-0be1-4d3c-8bf2-fe05918f113d,779672ea-757e-45d7-9e9b-771dc4343b23,7083,1763656058617398500,3,0.002923067659139633,-0.004405945539474487,0.008172035217285156,1763656058617306000,3,0.004276053514331579,0.0030543238390237093,0.001832594396546483,1763656058613938000,3,22.05000114440918,12.862500190734863,-21.337501525878906
1763656060.0402098,1763656059.9823415,b81928da-0be1-4d3c-8bf2-fe05918f113d,779672ea-757e-45d7-9e9b-771dc4343b23,7084,1763656059619710000,3,-0.02632104977965355,-0.19381862878799438,9.839286804199219,1763656059618956000,3,0.00045814859913662076,-0.00045814859913662076,-0.00045814859913662076,1763656059623937800,3,-90.22500610351562,38.04375076293945,-132.61875915527344
1763656061.2399402,1763656061.219318,b81928da-0be1-4d3c-8bf2-fe05918f113d,779672ea-757e-45d7-9e9b-771dc4343b23,7085,1763656060627398700,3,-0.0037345513701438904,-0.00021691620349884033,0.010098457336425781,1763656060620605400,3,0.004886918235570192,0.003665188793092966,0.002443459117785096,1763656060633938000,3,22.03125,13.425000190734863,-21.225000381469727
1763656061.9398074,1763656061.922907,b81928da-0be1-4d3c-8bf2-fe05918f113d,779672ea-757e-45d7-9e9b-771dc4343b23,7086,1763656061627398700,3,-0.0030200406908988953,0.002619534730911255,-0.0022287368774414062,1763656061622254300,3,0.003665188793092966,0.003665188793092966,0.002443459117785096,1763656061623937800,3,21.975000381469727,12.750000953674316,-20.700000762939453
1763656063.0402763,1763656062.963923,b81928da-0be1-4d3c-8bf2-fe05918f113d,779672ea-757e-45d7-9e9b-771dc4343b23,7087,1763656062641634000,3,-0.02871387079358101,-0.17946170270442963,9.853643417358398,1763656062640880000,3,-0.0001527161948615685,0.0001527161948615685,0.0001527161948615685,1763656062633938000,3,-89.94375610351562,37.66875076293945,-132.5812530517578
1763656064.0399902,1763656063.9614813,b81928da-0be1-4d3c-8bf2-fe05918f113d,779672ea-757e-45d7-9e9b-771dc4343b23,7088,1763656063626305000,3,-0.031106693670153618,-0.17228323221206665,9.875179290771484,1763656063642528000,3,0.00045814859913662076,-0.0010690133785828948,-0.00045814859913662076,1763656063633938000,3,22.106250762939453,12.862500190734863,-21.58125114440918
1763656064.9400783,1763656064.8627696,b81928da-0be1-4d3c-8bf2-fe05918f113d,779672ea-757e-45d7-9e9b-771dc4343b23,7089,1763656064637398500,3,0.006241956725716591,0.003965899348258972,-0.00016689300537109375,1763656064627198700,3,0.0010690133785828948,0.0001527161948615685,0.0001527161948615685,1763656064643937800,3,22.200000762939453,13.143750190734863,-21.30000114440918
1763656065.9400973,1763656065.8965425,b81928da-0be1-4d3c-8bf2-fe05918f113d,779672ea-757e-45d7-9e9b-771dc4343b23,7090,1763656065637398500,3,0.0011588241904973984,0.002964109182357788,-0.002643585205078125,1763656065628845800,3,0.004886918235570192,0.0030543238390237093,0.002443459117785096,1763656065643937800,3,-90,37.96875,-131.77500915527344
1763656067.0400164,1763656066.9452045,b81928da-0be1-4d3c-8bf2-fe05918f113d,779672ea-757e-45d7-9e9b-771dc4343b23,7091,1763656066639735300,3,-0.01196411345154047,-0.17706887423992157,9.851250648498535,1763656066638981400,3,-0.0001527161948615685,0.0007635809597559273,-0.0010690133785828948,1763656066643937800,3,-90.11250305175781,38.19375228881836,-132.26251220703125
1763656068.0401669,1763656067.998219,b81928da-0be1-4d3c-8bf2-fe05918f113d,779672ea-757e-45d7-9e9b-771dc4343b23,7092,1763656067641382100,3,-0.009571290574967861,-0.17228323221206665,9.846465110778809,1763656067640628200,3,0.004886918235570192,0.003665188793092966,0.0030543238390237093,1763656067643938000,3,-89.8687515258789,38.53125,-131.86875915527344
1763656069.0397627,1763656069.0165677,b81928da-0be1-4d3c-8bf2-fe05918f113d,779672ea-757e-45d7-9e9b-771dc4343b23,7093,1763656068647399000,3,-0.0013737138360738754,0.007609933614730835,-0.003513336181640625,1763656068642274600,3,0.004276053514331579,0.003665188793092966,0.0030543238390237093,1763656068643938000,3,21.975000381469727,13.050000190734863,-20.775001525878906
1763656069.939908,1763656069.919595,b81928da-0be1-4d3c-8bf2-fe05918f113d,779672ea-757e-45d7-9e9b-771dc4343b23,7094,1763656069644674600,3,-0.031106693670153618,-0.17228323221206665,9.853643417358398,1763656069643920600,3,0.004276053514331579,0.002443459117785096,0.001832594396546483,1763656069653938000,3,22.23750114440918,13.031250953674316,-21.01875114440918
1763656071.0402312,1763656071.028501,b81928da-0be1-4d3c-8bf2-fe05918f113d,779672ea-757e-45d7-9e9b-771dc4343b23,7095,1763656070654808600,3,-0.02871387079358101,-0.1746760457754135,9.856036186218262,1763656070654054700,3,0.004276053514331579,0.002443459117785096,0.0030543238390237093,1763656070653938000,3,22.05000114440918,13.200000762939453,-21
1763656072.0398893,1763656071.949523,b81928da-0be1-4d3c-8bf2-fe05918f113d,779672ea-757e-45d7-9e9b-771dc4343b23,7096,1763656071647965400,3,-0.016749758273363113,-0.16749759018421173,9.853643417358398,1763656071647211500,3,-0.0001527161948615685,0.0001527161948615685,-0.0010690133785828948,1763656071653938000,3,22.21875,13.500000953674316,-20.71875
1763656073.0400505,1763656072.9623291,b81928da-0be1-4d3c-8bf2-fe05918f113d,779672ea-757e-45d7-9e9b-771dc4343b23,7097,1763656072647399000,3,-0.0021504778414964676,0.017904549837112427,0.0034265518188476562,1763656072648856300,3,0.004276053514331579,0.003665188793092966,0.002443459117785096,1763656072653938000,3,-89.55000305175781,38.04375076293945,-133.3312530517578
1763656074.0398984,1763656074.0077112,b81928da-0be1-4d3c-8bf2-fe05918f113d,779672ea-757e-45d7-9e9b-771dc4343b23,7098,1763656073659743500,3,-0.02392822690308094,-0.18424734473228455,9.851250648498535,1763656073650500900,3,0.00045814859913662076,0.0001527161948615685,0.0001527161948615685,1763656073653938000,3,21.65625,13.08750057220459,-21.48750114440918
1763656075.139775,1763656075.0350912,b81928da-0be1-4d3c-8bf2-fe05918f113d,779672ea-757e-45d7-9e9b-771dc4343b23,7099,1763656074652899000,3,-0.019142581149935722,-0.17946170270442963,9.851250648498535,1763656074652145000,3,0.00045814859913662076,-0.0010690133785828948,0.0001527161948615685,1763656074663938000,3,-90.35625457763672,37.837501525878906,-132.63751220703125
1763656076.13999,1763656076.0985358,b81928da-0be1-4d3c-8bf2-fe05918f113d,779672ea-757e-45d7-9e9b-771dc4343b23,7100,1763656075667399000,3,-0.002099001780152321,0.007987037301063538,-0.004982948303222656,1763656075662277000,3,-0.0001527161948615685,0.0001527161948615685,0.0001527161948615685,1763656075663938000,3,-90.46875,37.40625,-132.45001220703125
1763656077.0399597,1763656076.9738777,b81928da-0be1-4d3c-8bf2-fe05918f113d,779672ea-757e-45d7-9e9b-771dc4343b23,7101,1763656076664674600,3,-0.01196411345154047,-0.17946170270442963,9.863214492797852,1763656076663920600,3,-0.0001527161948615685,0.0001527161948615685,0.0001527161948615685,1763656076673938000,3,21.825000762939453,12.750000953674316,-21.01875114440918
1763656078.0401304,1763656077.97584,b81928da-0be1-4d3c-8bf2-fe05918f113d,779672ea-757e-45d7-9e9b-771dc4343b23,7102,1763656077666317600,3,-0.016749758273363113,-0.16749759018421173,9.853643417358398,1763656077665563600,3,-0.0001527161948615685,0.0001527161948615685,0.0001527161948615685,1763656077673938000,3,22.368751525878906,13.218750953674316,-21.731250762939453
1763656079.039737,1763656079.0139542,b81928da-0be1-4d3c-8bf2-fe05918f113d,779672ea-757e-45d7-9e9b-771dc4343b23,7103,1763656078677398800,3,0.0007711779326200485,0.0034184306859970093,-0.0002899169921875,1763656078667206400,3,0.0010690133785828948,0.0001527161948615685,-0.00045814859913662076,1763656078673938000,3,-90.01875305175781,37.80000305175781,-132.8625030517578
1763656080.0400634,1763656079.9493003,b81928da-0be1-4d3c-8bf2-fe05918f113d,779672ea-757e-45d7-9e9b-771dc4343b23,7104,1763656079678091000,3,-0.009571290574967861,-0.17706887423992157,9.863214492797852,1763656079668848600,3,0.003665188793092966,0.003665188793092966,0.002443459117785096,1763656079673938000,3,-89.53125,38.75625228881836,-133.55625915527344
1763656081.0397153,1763656081.0039556,b81928da-0be1-4d3c-8bf2-fe05918f113d,779672ea-757e-45d7-9e9b-771dc4343b23,7105,1763656080679733000,3,-0.019142581149935722,-0.1818545162677765,9.858428955078125,1763656080678979000,3,0.004276053514331579,0.0030543238390237093,0.002443459117785096,1763656080683938000,3,21.5625,12.393750190734863,-21.1875
1763656082.0400064,1763656082.0024872,b81928da-0be1-4d3c-8bf2-fe05918f113d,779672ea-757e-45d7-9e9b-771dc4343b23,7106,1763656081672886300,3,-0.02153540402650833,-0.17946170270442963,9.848857879638672,1763656081672132400,3,-0.0007635809597559273,0.0001527161948615685,0.0007635809597559273,1763656081683938000,3,21.881250381469727,12.675000190734863,-20.83125114440918
1763656083.142892,1763656083.1406603,b81928da-0be1-4d3c-8bf2-fe05918f113d,779672ea-757e-45d7-9e9b-771dc4343b23,7107,1763656082674527700,3,-0.014356935396790504,-0.17946170270442963,9.846465110778809,1763656082673773800,3,0.004276053514331579,0.0030543238390237093,0.002443459117785096,1763656082683938000,3,-87.39375305175781,42.35625076293945,-137.96250915527344
1763656084.1397526,1763656084.1373007,b81928da-0be1-4d3c-8bf2-fe05918f113d,779672ea-757e-45d7-9e9b-771dc4343b23,7108,1763656083676169000,3,-0.02392822690308094,-0.1746760457754135,9.856036186218262,1763656083675415000,3,-0.0007635809597559273,0.0001527161948615685,-0.00045814859913662076,1763656083693938000,3,22.125,13.350000381469727,-22.087501525878906
1763656085.0401902,1763656084.96563,b81928da-0be1-4d3c-8bf2-fe05918f113d,779672ea-757e-45d7-9e9b-771dc4343b23,7109,1763656084697398800,3,0.005880778655409813,-0.001598849892616272,0.00032806396484375,1763656084685544400,3,-0.0001527161948615685,0.0007635809597559273,0.0001527161948615685,1763656084693938000,3,21.95625114440918,12.693750381469727,-21.806251525878906
1763656085.9398575,1763656085.9197507,b81928da-0be1-4d3c-8bf2-fe05918f113d,779672ea-757e-45d7-9e9b-771dc4343b23,7110,1763656085697398800,3,0.008502515964210033,-0.002101585268974304,0.004660606384277344,1763656085687185400,3,0.00045814859913662076,-0.00045814859913662076,0.0001527161948615685,1763656085693938000,3,21.993751525878906,12.506250381469727,-20.25
1763656087.0399933,1763656087.0035963,b81928da-0be1-4d3c-8bf2-fe05918f113d,779672ea-757e-45d7-9e9b-771dc4343b23,7111,1763656086681092000,3,-0.019142581149935722,-0.1746760457754135,9.851250648498535,1763656086688826600,3,0.00045814859913662076,0.0001527161948615685,0.0013744457392022014,1763656086693938000,3,-90.58125305175781,37.33125305175781,-131.94375610351562
1763656088.1401088,1763656088.0458565,b81928da-0be1-4d3c-8bf2-fe05918f113d,779672ea-757e-45d7-9e9b-771dc4343b23,7112,1763656087697398800,3,-0.004655567929148674,0.0005508959293365479,0.005870819091796875,1763656087690468000,3,-0.0001527161948615685,-0.00045814859913662076,0.0001527161948615685,1763656087703938000,3,21.86250114440918,13.031250953674316,-20.73750114440918
1763656089.1399531,1763656089.098212,b81928da-0be1-4d3c-8bf2-fe05918f113d,779672ea-757e-45d7-9e9b-771dc4343b23,7113,1763656088697398800,3,-0.0024232473224401474,-0.0009541213512420654,0.0027332305908203125,1763656088692109600,3,-0.0001527161948615685,-0.0010690133785828948,0.0001527161948615685,1763656088703938000,3,21.375,12.80625057220459,-20.943750381469727
